metric,value
Initial Investment,100000.0
Mean Final Value,117733.8647055267
Median Final Value,115848.02940142996
Best Case,246636.20169421507
Worst Case,60103.39678888041
VaR 5%,86600.51183372685
